company_name,brand,manufacturer_part_number,vendor_part_number,item_name,full_product_description,price,country_of_origin,upc,product_category,url,availability,date_crawled
acehardware,traeger,PEL331,8013984,Traeger Signature Hardwood Pellets All Natural Maple/Cherry 20 lb,"The flavors of hickory, maple and cherry hardwoods combine for a blend that can take on just about anything you cook. From classic BBQ meats, to fish and veggies, this versatile blend gives you full-bodied flavor you will go back to time and time again.",19.99,US,634868926440,Ace Hardware > Outdoor Living > Grills and Smokers > Grilling Chips and Chunks,https://www.acehardware.com/departments/8013984,InStock,2026-01-28 14:34:30.991000
acehardware,weber,741001,8105207,Weber 22 in. Original Kettle Charcoal Grill Black,"Stay true to the modern version of the kettle that started it all, the Original Kettle grill, invented by Weber&#39;s founder and loved around the world. This black Original Kettle charcoal grill has an ultra-durable, porcelain-enameled lid and bowl to retain heat, while the dampers easily adjust for precise temperature control. Outdoor grill also features a One-Touch cleaning system for easy and quick cleanup. The convenient angled lid hook provides a storage solution that means there&#39;s no more setting the grill lid on the ground while you cook. *  * At 22 inches, this Weber charcoal grill provides you with enough space to grill up to 13 burgers at once, more than enough to keep family and friends happily fed at your next party or barbecue. Sturdy features such as the durable-plated steel cooking grate and all-weather wheels mean you&#39;ll be able to keep cooking delicious meals on this outdoor grill for years to come. It&#39;s why the Original Kettle will always be the grill built for everyone.",149.00,US,077924025303,Ace Hardware > Outdoor Living > Grills and Smokers > Charcoal Grills,https://www.acehardware.com/departments/8105207,InStock,2026-01-28 14:34:35.050000
acehardware,traeger,BAC380,8484289,"Traeger Series 34 Pro, Elite and Eastwood Black Grill Cover","Protect your investment with a custom, heavy-duty all weather grill cover. Through rain, sleet, snow and dark of night, the all weather material keeps your 34 Series grill safe, dry and in mint condition. Rest easy knowing that your Traeger is tucked away with the maximum protection possible in all weather conditions, all year round.",99.99,CN,634868921049,Ace Hardware > Outdoor Living > Grills and Smokers > Grill Covers,https://www.acehardware.com/departments/8484289,InStock,2026-01-28 14:34:39.012000
acehardware,b&b-charcoal,42,8684151,B&B Charcoal All Natural Oak Lump Charcoal 20 lb,"For over 50 years B&amp;B Charcoal has been the leading producer of lump charcoal. B&amp;B Charcoal offer a variety of types that include Oak, Mesquite, Hickory, Hardwood and Quebracho Blanco. Through our unique process, we are able to rid our wood of the most unwanted foreign material, including resins and acids that are most commonly found in other major brands. What remains is only the natural fiber, accounting for the subtle, natural flavor that foods capture when cooked with B&amp;B Lump Charcoal. That process has made it “The Expert’s Choice For the Outdoor Barbequer” for many years.",19.99,MX,034326000420,Ace Hardware > Outdoor Living > Grills and Smokers > Charcoal,https://www.acehardware.com/departments/8684151,InStock,2026-01-28 14:34:44.223000
acehardware,weber,7139,8882821,Weber Spirit and Spirit II Black Grill Cover,"Now you can embrace the pouring rain, freezing snow, and scorching sun. Your outdoor grill will continue looking great and allowing you to grill up juicy burgers and steaks throughout it all, thanks to this durable Weber Premium Grill Cover for large Spirit series grills. We designed the cover to be lightweight and simple to pull on and off. It includes secure, fastening straps to keep it from blowing into your neighbor&#39;s yard during the next windstorm. The water-resistant material helps maintain a clean, sleek surface and UV inhibitors in the fabric resist fading when the sun is particularly strong. We recommend using a Weber water-resistant grill cover regularly to extend the functionality and appearance of your outdoor grill, so you can continue grilling delicious meals your family and friends will love for years to come. Please note: This grill cover is compatible with Spirit 300 Series Grills prior to 2025 and the Spirit 400 Series models with 4 main burners.",89.99,CN,077924058752,Ace Hardware > Outdoor Living > Grills and Smokers > Grill Covers,https://www.acehardware.com/departments/8882821,InStock,2026-01-28 14:34:47.834000
acehardware,weber,7138,8883001,Weber Spirit and Spirit II Black Grill Cover,"Now you can embrace the pouring rain, freezing snow, and scorching sun. Your outdoor grill will continue looking great and allowing you to grill up juicy burgers and steaks throughout it all, thanks to this lightweight and durable Weber Premium Grill Cover for small Spirit series grills. We designed the cover to be lightweight and simple to pull on and off. It includes secure, fastening straps to keep it from blowing into your neighbor&#39;s yard during the next windstorm. The water-resistant material helps maintain a clean, sleek surface and UV inhibitors in the fabric resist fading when the sun is particularly strong. We recommend using a Weber water-resistant grill cover regularly to extend the functionality and appearance of your outdoor grill, so you can continue grilling delicious meals your family and friends will love for years to come. Please note: This grill cover is compatible with 2025 and newer Spirit 200 and 300 Series Grills and Spirit II 200 Series models 2016-2024.",79.99,CN,077924058745,Ace Hardware > Outdoor Living > Grills and Smokers > Grill Covers,https://www.acehardware.com/departments/8883001,InStock,2026-01-28 14:34:50.486000
acehardware,traeger,BAC503,8016830,Traeger Pro 575 Black Grill Cover,"The Pro 575 full-length, all-weather grill cover will shield your trusted Traeger from all of Mother Nature&#39;s mood swings. Keep your BBQ safe from rain, sleet, snow, sun, and wind with this stem to stern, water resistant cover. Peace of mind is just a full-length cover away.",89.99,CN,634868929106,Ace Hardware > Outdoor Living > Grills and Smokers > Grill Covers,https://www.acehardware.com/departments/8016830,InStock,2026-01-28 14:34:52.766000
acehardware,blackstone,5463,8060764,Blackstone Grill Cleaning Kit 8 pc,"Deep clean your dirty griddle top with the culinary series 8 pc. griddle cleaning kit. This kit includes one 6 in. heavy duty stainless steel griddle scraper to remove debris, cooked on food and other residue. The griddle cleaning kit also features a handle and 6 scour pads designed to clean griddle tops, wet or dry. The replaceable pads resist clogging and rinse clean. Last, but not least, this kit includes another handle with 2 cleaning bricks, which is designed to clean griddle or grill grates and help remove cooked on grime. Can be used on hot or cold surfaces.",39.99,KH,717604054635,Ace Hardware > Outdoor Living > Grills and Smokers > Grilling Utensils/Tools,https://www.acehardware.com/departments/8060764,InStock,2026-01-28 14:34:55.114000
acehardware,blackstone,2401,8061614,Blackstone 2 Burner Liquid Propane Outdoor Griddle Black,"The Blackstone Culinary 22 in. Griddle with Flex-Fold Legs is easy to transport to and from the cookout. Infused with Omnivore Griddle Plate Technology you will be cooking up breakfast, lunch, and dinner in no time. Omnivore Griddle Plate Technology - Quicker preheat and recovery times, even heat distribution, higher fuel efficiency with fewer BTUs required for optimal cooking temperatures, and built-in wind guards keep the hot air in and the cool air out.",299.99,MY,717604024010,Ace Hardware > Outdoor Living > Grills and Smokers > Gas Grills,https://www.acehardware.com/departments/8061614,InStock,2026-01-28 14:34:57.301000
acehardware,blackstone,5483,8065838,Blackstone Black Griddle Cover For 28 in. Griddles,Show your favorite griddle some love by protecting it from the elements with the new 28 inch Griddle with Hood Cover. Made from 600 D polyester and reinforced stitching you will never have to worry what mother nature is dishing out to your griddle. The straps provided will ensure your investment is safe and snug till the next time your ready to fire it up!,49.99,CN,717604054833,Ace Hardware > Outdoor Living > Grills and Smokers > Grill Covers,https://www.acehardware.com/departments/8065838,InStock,2026-01-28 14:34:59.495000
acehardware,blackstone,5482,8066279,Blackstone Black Griddle Cover For Blackstone 4 Burner Outdoor Griddle,"Back in the day, we dreamed of creating the best outdoor cooking experiences for large groups or families. For decades we relied on grills and other appliances to promote this joyful moment, but let&#39;s be honest, every time something seemed to be missing. When we are barbecuing outside the rest of the family is still locked in the kitchen preparing other dishes. It&#39;s not the ideal experience. We wanted more; we wanted to COOK EVERYTHING OUTSIDE!",49.99,CN,717604054826,Ace Hardware > Outdoor Living > Grills and Smokers > Grill Covers,https://www.acehardware.com/departments/8066279,InStock,2026-01-28 14:35:01.782000
acehardware,weber,7757,8048377,Weber Genesis and Genesis II 300 Series Black Grill Cover,"There&#39;s a secret to keeping your Genesis 300 Series grill looking great and working well through many seasons of grilling and barbecuing. With this black, durable Weber Premium Grill Cover there&#39;s no longer any reason to fear the elements. It&#39;s constructed of weather-resistant materials and designed to protect your grill through light spring showers and heavy rainstorms. This grill cover also comes with fastening straps to keep it anchored and secure, even in the harshest conditions. With the lightweight fabric and custom fit, you won&#39;t find yourself struggling at the end of the day, because putting the cover in place is a breeze. We recommend using a Weber water-resistant grill cover regularly to extend the functionality and appearance of your outdoor grill, so you can continue grilling delicious meals your family and friends will love for years to come. Please note: This grill cover is compatible with the Weber Genesis 300 Series Grills.",99.99,KH,077924177705,Ace Hardware > Outdoor Living > Grills and Smokers > Grill Covers,https://www.acehardware.com/departments/8048377,InStock,2026-01-28 14:35:04.019000
acehardware,weber,3400843,8050089,Weber Crafted Rust-Resistant Griddle Insert Carbon Steel Grill Top Griddle 16.3 in. L X 16 in. W 1 p,"Add a griddle to your existing grill with the Weber Crafted Rust-Resistant Griddle Insert. The carbon-steel griddle cooktop is case-hardened and pre-seasoned for durability, rust-resistance, and easy-release cooking right out of the box, so you can start crisping up bacon, smashing burgers, sizzling fajitas, and more. Simply replace your right-side cooking grate with a Weber Crafted Frame Kit, place the Weber Crafted Rust-Resistant Griddle Insert in the frame, and get griddling. Plus, you can griddle on the right and still use the grates to sear on the left, all at the same time.",99.99,CN,077924894688,Ace Hardware > Outdoor Living > Grills and Smokers > Grill Cooking Accessories,https://www.acehardware.com/departments/8050089,InStock,2026-01-28 14:35:06.272000
acehardware,flame-king,YSN201,8039929,Flame King 20 lb Steel Type 1 Empty LP Tank,"Flame King is dedicated to providing world class products that are second to none. We are always striving to achieve the highest quality, service and value for our customers throughout the world, with a broad line of advanced and innovative products.",69.99,TH,899003000212,Ace Hardware > Outdoor Living > Grills and Smokers > Propane Cylinders and Accessories,https://www.acehardware.com/departments/8039929,InStock,2026-01-28 14:35:08.427000
acehardware,weber,6788,8082938,Weber Genesis 300 Series Rust Resistant Griddle Insert 25.7 in. L X 18.7 in. W 1 pk,"Griddle whenever you want on the grill you already own with the Genesis Full-Size Griddle Insert. It seamlessly fits your Genesis and Genesis II 300 Series gas grill, 2016 and newer, and Summit gas grills, 2024 and newer, allowing you to transform the entire grilling surface and access an outdoor griddle in seconds. Constructed of durable carbon steel, this griddle accessory leverages your grill&#39;s superior burners to provide even, edge-to-edge heat for sauteing, browning, or searing. You&#39;ll be in full control of dishing up plate after plate of restaurant-worthy results from the first flip to the last. And the grease management system in this griddle accessory is designed to be compatible with your grill, preventing spilling and effectively capturing grease to reduce messes. Store your griddle insert in a Weber storage bag (sold separately). Now you can savor the best of both worlds without having to add or store another grill. Get your griddle on.",269.99,CN,077924193750,Ace Hardware > Outdoor Living > Grills and Smokers > Grill Cooking Accessories,https://www.acehardware.com/departments/8082938,InStock,2026-01-28 14:35:10.723000
acehardware,blackstone,5230,8082743,Blackstone Stainless Steel Silver Griddle Tool Set 5 pc,The Blackstone Original 5-piece Griddle Accessory Tool Kit is an essential toolset for any outdoor chef. Each piece of Blackstone&#39;s griddle cooking toolkit is a high-quality utensil that will complete your outdoor kitchen. The various tools make it easy to cook anything. Monster size burgers or massive steaks will be easy to create with dual spatulas. Prepare mountains of stir fry or heaps of breakfast with the help of squeeze bottles and a griddle scraper. A chopper/scraper helps dice food or scrape the gunk off the griddle for quick cleanup. Two commercial-grade liquid dispensers enhance your griddle cooking experience or maintain the griddle surface. You will also cook like a professional with the custom Blackstone cookbook filled with our favorite recipes.,32.99,CN,717604052303,Ace Hardware > Outdoor Living > Grills and Smokers > Grilling Utensils/Tools,https://www.acehardware.com/departments/8082743,InStock,2026-01-28 14:35:13.410000
acehardware,weber,6787,8084662,"Weber Searwood 600, Searwood XL600 and Spirit 300 Series Rust Resistant Griddle Insert 22.7 in. L X","Griddle on the grill you already own with the Spirit Full-Size Griddle Insert. Engineered to seamlessly fit your Spirit 4-burner gas grills manufactured since 2025, Spirit and Spirit II 3-burner gas grills manufactured from 2016-2024, and Searwood pellet grills, it allows you to transform the entire grilling surface. Constructed of durable carbon steel, this griddle leverages your grill&#39;s superior burners to provide even, edge-to-edge heat for sauteing, browning, or searing. From pancakes and eggs to fajitas and veggies, uncover a whole new world of outdoor cooking. And the grease management system in this griddle accessory is compatible with your grill, preventing spilling and effectively capturing grease to reduce messes. Want to keep it safe when you&#39;re not cooking? Store your griddle insert in a Weber storage bag (sold separately) to prolong its life and protect it from the elements. Savor the best of both worlds without having to add or store another grill. Get your griddle on.``",219.99,CN,077924193743,Ace Hardware > Outdoor Living > Grills and Smokers > Grill Cooking Accessories,https://www.acehardware.com/departments/8084662,InStock,2026-01-28 14:35:15.994000
acehardware,weber,1500215,8091391,"Weber Slate 30"" Rust-Resistant 3 Burner Liquid Propane Digital Thermometer Outdoor Griddle Black 30 IN ACE EXCLUSIVE","Step up to a premium flat-top grilling experience with the sleek and stylish, black 30&quot; Slate Rust-Resistant Outdoor Griddle. This Ace-Exclusive model comes with a Weber Works caddy to carry and organize outdoor cooking essentials. It&#39;s also equipped with premium features, including a digital temperature display, an extendable 15&quot; right side table, a fold-down 15&quot; left side table, and closed cabinet storage. *  * Start sizzling fajitas, smashing burgers, and stir-frying right out of the box on the pre-seasoned carbon-steel cooktop. This propane griddle grill quickly reaches over 500 F and provides even heat across the surface. Three independently controlled burners allow for multi-zone heat, so you can cook different temperatures at the same time. Extra-large drip pan for catching grease at the front of the gas griddle can handle bacon, burgers and more. Plus, the Weber Works Prep, Cook, and Store System further extends your capabilities (accessories sold separately).",799.00,CN,077924992810,Ace Hardware > Outdoor Living > Grills and Smokers > Gas Grills,https://www.acehardware.com/departments/8091391,InStock,2026-01-28 14:35:18.184000
acehardware,weber,3400119,8092236,Weber Slate 30in. Black Griddle Cover,"Keep your griddle looking great.  This durable Premium Griddle Cover means you don&#39;t have to fear the elements.  It&#39;s weather-resistant, covers with the side table up or folded down, and comes with fastening straps to help keep it secure in the harshest conditions.",99.99,KH,077924991998,Ace Hardware > Outdoor Living > Grills and Smokers > Grill Covers,https://www.acehardware.com/departments/8092236,InStock,2026-01-28 14:35:20.534000
acehardware,blackstone,2310,8093917,Blackstone Iron Forged 4 Burner Liquid Propane Outdoor Griddle with Hood Black,"Push the boundaries of what is possible with the Blackstone Iron Forged 36 in. Griddle with Hood. The redesigned 36 in. Griddle looks sleek yet provides a powerful performance. Infused with new Omnivore Griddle Plate Technology, you will be whipping up meals like never before. With the extendable side shelf and the customization of the new side shelf bar system, there is room to experiment, innovate, and construct your perfect cooking station. Craft perfection for breakfast, lunch, and dinner with this powerhouse of a griddle.",549.99,VN,717604023105,Ace Hardware > Outdoor Living > Grills and Smokers > Gas Grills,https://www.acehardware.com/departments/8093917,InStock,2026-01-28 14:35:22.947000
acehardware,blackstone,2311,8093915,Blackstone Iron Forged 2 Burner Liquid Propane Outdoor Griddle with Hood Black,"Explore new frontiers with the powerful Blackstone Iron Forged 28 in. Griddle Cooking Station with Hood. Redesigned for unparalleled durability and efficiency and infused with the new Omnivore Griddle Plate Technology. Dual independently controlled burners bring unbelievable versatility to the table when you create breakfast, lunch, and dinner with this griddle.",399.99,CN,717604023112,Ace Hardware > Outdoor Living > Grills and Smokers > Gas Grills,https://www.acehardware.com/departments/8093915,InStock,2026-01-28 14:35:26.984000
acehardware,weber,1501000,8108718,Weber Spirit E-210 2 Burner Liquid Propane Grill Black,"Grill food that tastes better than ever on this reinvented, black 2-burner Spirit E-210 propane gas grill. Ignite each individual burner with one hand using Snap-Jet Ignition and control the heat precisely with a full range of temperatures from high to low. Planning a party or barbecue? Your family and friends are sure to appreciate the precisely-cooked burgers and steaks made possible by this outdoor grill. Extend your space by adding a variety of Weber Works snap-on accessories (sold separately) to the side rails.  *  * If you&#39;re looking for a rotisserie grill for locking in juice and evenly browning and crisping a whole chicken, prime rib, or leg of lamb, consider adding the compatible Weber rotisserie accessory (sold separately). Hammertone metal side tables are scratch-resistant and easy to clean, allowing you to keep platters, seasonings, and tools within arm&#39;s reach. This Spirit gas grill and BBQ is built to last and backed with a warranty. Liquid Propane tank sold separately.",449.00,CN,077924893599,Ace Hardware > Outdoor Living > Grills and Smokers > Gas Grills,https://www.acehardware.com/departments/8108718,InStock,2026-01-28 14:35:30.410000
acehardware,weber,1500789,8108719,Weber Spirit E-325 3 Burner Liquid Propane Grill Black,"Grill delicious food on the reinvented black 3-burner Spirit E-325 propane gas grill with Sear Zone. Create bold, flavorful sear marks on meat, fish, and vegetables with two red Boost Burner knobs that unleash 40% more power in the Sear Zone. Ignite each individual burner easily with one hand with Snap-Jet Ignition and control the heat precisely with a full range of temperatures from high to low and everything in between. Make the most of your space by adding a variety of Weber Works snap-on accessories (sold separately) to the side rails. If you&#39;re looking for a rotisserie grill, consider adding the compatible Weber rotisserie accessory (sold separately).  *  * Hammertone metal side tables are scratch-resistant and conveniently fold down to fit smaller spaces. Propane grill also has a warming rack to keep food warm, toast buns, or even grill smaller food items. This Spirit gas grill and BBQ is built to last and backed with a warranty. Liquid Propane tank sold separately.",549.00,CN,077924016059,Ace Hardware > Outdoor Living > Grills and Smokers > Gas Grills,https://www.acehardware.com/departments/8108719,InStock,2026-01-28 14:35:36.446000
acehardware,meater,RTU-MT-MP01,8108733,MEATER Plus Bluetooth Enabled Meat Thermometer,Get ready for a new generation of perfect results and explore new ways to cook with the meater plus meat thermometer.,99.99,TW,634868950490,Ace Hardware > Outdoor Living > Grills and Smokers > Grill Thermometers,https://www.acehardware.com/departments/8108733,InStock,2026-01-28 14:35:41.052000
acehardware,weber,1500780,8108721,Weber Spirit E-425 4 Burner Liquid Propane Grill Black,"Grill delicious food on the reinvented 4-burner, black Spirit E-425 grill. Create sear marks with two red Boost Burner knobs that unleash 40% more power in the Sear Zone. Ignite each burner with one hand with Snap-Jet Ignition and control heat precisely with a full range of temperatures from high to low. Grill also has four tool hooks, a cabinet with a door, and a warming rack to keep food warm, toast buns, or grill smaller foods. Durable all-weather wheels make moving the grill across outdoor surfaces easy. Scratch-resistant Hammertone metal side tables provide extra space. *  * You can add Weber Works snap-on accessories (sold separately) to the side rails, transform your grill into a griddle with a rust-resistant griddle insert (sold separately) or a pizza oven, wok, or Dutch oven by adding a Weber Crafted frame kit and custom-fit grillware (each sold separately). Consider adding the compatible Weber rotisserie accessory (sold separately). Liquid Propane tank sold separately.",679.00,CN,077924015908,Ace Hardware > Outdoor Living > Grills and Smokers > Gas Grills,https://www.acehardware.com/departments/8108721,InStock,2026-01-28 14:35:46.075000
acehardware,traeger,TFB97JLH,8110240,Traeger Woodridge Pro Wood Pellet WiFi Grill Black,"Create incredible wood-fired flavor that your friends and family won&#39;t forget with the Woodridge Pro. Smoke brisket, pulled pork and ribs low and slow with Super Smoke Mode. Crank up the heat to grill wings and burgers and even bake pizza hot and fast. Easy-to-use controls and Set-It and Forget-It ease means you can sit back while your meal cooks. For added convenience, WiFIRE connectivity lets you monitor and adjust your cook remotely. And, P.A.L. Pop-And-Lock customization options plus room to prep, cook, and plate allow you to personalize your setup. Easy cleanup comes thanks to the EZ-Clean Grease and Ash Keg.","1,149.99",CN,634868947971,Ace Hardware > Outdoor Living > Grills and Smokers > Pellet Grills,https://www.acehardware.com/departments/8110240,InStock,2026-01-28 14:35:51.791000
acehardware,weber,1501345,8110742,"Weber Slate 28"" Rust Resistant 3 Burner Liquid Propane Outdoor Griddle Black","Step up to a premium flat-top grilling experience with the sleek and stylish 28&quot; Slate Rust-Resistant Griddle. Start sizzling fajitas, smashing burgers, and stir-frying right out of the box on the pre-seasoned carbon-steel cooktop that stays ready, not rusty, use after use. This outdoor griddle quickly reaches over 500 degrees and provides even heat across the surface. Three precision-control burners allow for multi-zone heat, so you can cook perfect pancakes on low and crisp up bacon on high all on the same outdoor cooktop. An extra-large drip pan for catching grease is at the front of the propane griddle and can handle bacon, burgers, and more. No use of coatings means you can use metal tools to flip, press, and scrape without worry. Plus, the 15&quot; side table rails are compatible with Weber Works snap-on accessories, so you can keep cooking and cleaning supplies within reach (accessories sold separately).",599.00,CN,077924900174,Ace Hardware > Outdoor Living > Grills and Smokers > Gas Grills,https://www.acehardware.com/departments/8110742,InStock,2026-01-28 14:35:54.430000
acehardware,traeger,TFB86MLH,8110239,Traeger Woodridge Wood Pellet WiFi Grill Black,"The Woodridge creates an incredible wood-fired flavor, whether you&#39;re grilling burgers, smoking brisket, or even baking pizza. With easy-to-use controls, simply Set-It &amp; Forget-It for consistent results and memorable meals. P.A.L. Pop-And-Lock customization options let you design your perfect setup, WiFIRE connectivity allows you to monitor your grill from anywhere, and an easy cleanup comes thanks to the EZ-Clean Grease &amp; Ash Keg.",899.99,CN,634868946868,Ace Hardware > Outdoor Living > Grills and Smokers > Pellet Grills,https://www.acehardware.com/departments/8110239,InStock,2026-01-28 14:35:58.383000
acehardware,coleman,333264,80120,Coleman 16 oz Steel Propane Fuel Cylinder,"Ensure you always have enough fuel whether tailgating or camping with this pre-filled Coleman all-purpose propane cylinder. With it&#39;s quality steel construction, a stable base and reliable valves, it provides safe and easy-to-use operation. It&#39;s ideal for use in your yard, at the park or beach, while on a camping trip and much more. The portable design of the cylinder makes it easy to transport and to refill, as needed.",7.99,US,014045324182,Ace Hardware > Outdoor Living > Grills and Smokers > Propane Cylinders and Accessories,https://www.acehardware.com/departments/80120,InStock,2026-01-28 14:36:01.312000
acehardware,weber,441001,8105199,Weber 18 in. Original Kettle Charcoal Grill Black,"Toast to the authenticity of charcoal grilling, classic design, and taste loved around the world with the black Original Kettle charcoal grill. Its ultra-durable, porcelain-enameled lid and bowl retain heat, while the dampers can be easily adjusted for precise temperature control.  *  * The convenient angled lid hook provides a storage solution that means there&#39;s no more setting the grill lid on the ground while you cook. Now when you need to check or tend to the food on the grill, you can hang the lid on the side. Sturdy features such as the durable-plated steel cooking grate, glass reinforced nylon handles, and all-weather wheels mean you&#39;ll be able to keep cooking delicious meals on this outdoor grill for years to come. The One-Touch cleaning system offers quick and easy cleanup after a long day of barbecue and grilling. It&#39;s why the Original Kettle will always be the grill built for everyone.",129.00,US,077924025297,Ace Hardware > Outdoor Living > Grills and Smokers > Charcoal Grills,https://www.acehardware.com/departments/8105199,InStock,2026-01-28 14:36:05.052000
acehardware,traeger,PEL305,8207441,Traeger Premium All Natural Mesquite Hardwood Pellets 20 lb,"Traeger Mesquite pellets are perfect for naturally enhancing Chicken, Beef and Fish with a hearty BBQ flavor. To master the craft of outdoor cooking and flavorful food, quality fuel is key. Traeger has dedicated years to developing a premium blend of hardwoods with the compact cell structure needed to obtain a dependable burn.",19.99,US,634868910104,Ace Hardware > Outdoor Living > Grills and Smokers > Grilling Chips and Chunks,https://www.acehardware.com/departments/8207441,InStock,2026-01-28 14:36:07.793000
acehardware,traeger,PEL319,8207433,Traeger Premium All Natural Hickory Hardwood Pellets 20 lb,"Traeger Hickory pellets are great for naturally enhancing Beef, Chicken, Pork and Veggies with full-bodied, bold flavor. No wonder it is staple in BBQ. Experts agree, hardwood is the secret ingredient for robust flavor. Consistent smoke delivery is determined by the quality of your fuel. We&#39;ve spent years perfecting a premium, balanced blend of hardwoods for trusted performance and flavor.",19.99,US,634868919831,Ace Hardware > Outdoor Living > Grills and Smokers > Grilling Chips and Chunks,https://www.acehardware.com/departments/8207433,InStock,2026-01-28 14:36:10.026000
acehardware,weber,7416,8211369,Weber Steel Chimney Starter 12.7 in. L X 8.1 in. W For Weber,"The durable, aluminized steel Weber Rapidfire Chimney Starter allows you to light charcoal briquettes quickly and evenly. The large-capacity, ventilated chimney is uniquely constructed to enable airflow, exposing more briquettes and reducing ignition time. It features a unique, cone-shaped bottom grate that exposes more surface area of the coals to flame for fast and even lighting. The large bottom chamber is easy to fill with lighter cubes or fire starter of your choice and this chimney starter includes two handles for optimal control. When coals are hot, grab the thermoplastic handle with one hand and the top, wire handle with your other hand to direct fuel exactly where you want it. The heat shield reduces heat transfer to handle, but you should still wear gloves when chimney is hot. To get started, simply place chimney starter over a lighter cube or crumpled newspaper, light your preferred fire starter, and you&#39;re well on your way. Fast, simple, and no lighter fuel required.",26.99,TW,077924073939,Ace Hardware > Outdoor Living > Grills and Smokers > Charcoal Starters,https://www.acehardware.com/departments/8211369,InStock,2026-01-28 14:36:13.950000
acehardware,ace,309928,8250847,Ace 16 oz Steel Propane Fuel Cylinder,"The lightweight, universal one pound propane camping gas cylinder is compatible with most portable stoves, lanterns, heaters and camping appliances. Constructed of durable steel with reliable valves that are safe.",13.99,US,082901245452,Ace Hardware > Outdoor Living > Grills and Smokers > Propane Cylinders and Accessories,https://www.acehardware.com/departments/8250847,InStock,2026-01-28 14:36:16.803000
acehardware,traeger,PEL318,8306532,Traeger Premium All Natural Apple Hardwood Pellets 20 lb,"With Traeger Apple pellets, you&#39;ll get a light, slightly fruity smoke flavor that will naturally enhance Veggies, Pork and Chicken. To master the sport of cooking outdoors, natural hardwood is a game changer. We&#39;ve dedicated over 30 years to perfecting the recipe for pure, wood-fired flavor. Traeger&#39;s premium blend of hardwoods are sourced in the U.S and have the compressed cell structure necessary for a balanced, dependable burn.",19.99,US,634868919824,Ace Hardware > Outdoor Living > Grills and Smokers > Grilling Chips and Chunks,https://www.acehardware.com/departments/8306532,InStock,2026-01-28 14:36:19.467000
acehardware,weber,7150,8406191,"Weber Premium Black Grill Cover For 22"" Charcoal Grills","Embrace the pouring rain, freezing snow, and scorching sun. The lightweight yet durable Premium Grill Cover makes it easy to pull on and off your grill. Its fastening strap keeps it from blowing into your neighbor’s yard, and water-resistant material helps maintain a clean, sleek surface.",41.99,CN,077924032783,Ace Hardware > Outdoor Living > Grills and Smokers > Grill Covers,https://www.acehardware.com/departments/8406191,InStock,2026-01-28 14:36:21.813000
acehardware,traeger,BAC362,8484198,Traeger Front Folding Shelf Steel 4 in. H X 12 in. W X 25 in. L,"Beef up your grill by adding a folding front shelf to hold beverages or sticky BBQ utensils. This landing pad is prime real estate for a Pro griller. The shelf folds down and a grill cover will fit perfectly over the top. Do not get caught with nowhere to set your grilling tools of the trade, prep like a pro with the front folding shelf.",99.99,CN,634868920523,Ace Hardware > Outdoor Living > Grills and Smokers > Grill Replacement Parts,https://www.acehardware.com/departments/8484198,InStock,2026-01-28 14:36:24.156000
acehardware,traeger,PEL335,8015887,Traeger Reserve Hardwood Pellets All Natural Apple/Cherry 20 lb,"Enhance your grilling experience with Traeger Reserve Hardwood Pellets in the Apple/Cherry blend. These premium pellets are crafted from 100 percent natural hardwood, ensuring a clean, pure smoke that elevates the flavor of your grilled foods. The unique blend of apple and cherry wood imparts a subtle sweetness and a delightful smoky aroma that perfectly complements a variety of meats, vegetables, and baked goods. Perfect for those who appreciate a premium grilling experience, Traeger Reserve Hardwood Pellets in Apple/Cherry blend provide an elevated taste profile that enhances the natural flavors of your food. Experience the difference in every meal with this premium pellet blend, designed to add a touch of smokiness and sweetness to your grilling adventures.",19.99,US,634868912153,Ace Hardware > Outdoor Living > Grills and Smokers > Grilling Chips and Chunks,https://www.acehardware.com/departments/8015887,InStock,2026-01-28 14:36:26.337000
acehardware,b&b-charcoal,106,8019844,B&B Charcoal All Natural Char-Logs 30 lb,"Derived from the Oak Lump, this all natural briquette is a favorite among world champion pit masters because of its long and clean burn. This aids them in controlling the flavor profile when delivering a winning to dish to not only the competition judges but to their own families. Works great with any meat because of its mild flavor.",24.99,MX,034326001069,Ace Hardware > Outdoor Living > Grills and Smokers > Charcoal,https://www.acehardware.com/departments/8019844,InStock,2026-01-28 14:36:28.901000
acehardware,fogo,FB17,8028042,FOGO Premium (Black Bag) All Natural Lump Charcoal 17.6 lb,"The go-to-bag for all-grilling purposes. All-natural, hand-selected, consistent medium lumps. The Inga wood offers the right density for easy lighting &amp; hot burning performance.",22.95,NI,811432030028,Ace Hardware > Outdoor Living > Grills and Smokers > Charcoal,https://www.acehardware.com/departments/8028042,InStock,2026-01-28 14:36:31.135000
acehardware,ooni,UU-P06401,8029781,Ooni 12 in Perforated Black/Silver Pizza Peel,"Our perforated aluminum Ooni 12 inch pizza peel is a high-quality, lightweight peel for sliding, turning and retrieving pizzas from your oven with ease. Use the tapered peel edge to slide straight under pizza bases, while the perforations mean a perfectly cooked pizza every time as steam is able to quickly evaporate and excess flour falls away from the pizza base.",69.99,CN,5060568341132,Ace Hardware > Outdoor Living > Grills and Smokers > Grilling Utensils/Tools,https://www.acehardware.com/departments/8029781,InStock,2026-01-28 14:36:33.437000
acehardware,blackstone,5462,8060761,Blackstone Stainless Steel Grill Burger Kit 3 pc,"Press, season and flip, the three step Blackstone formula to a perfectly delicious hamburger. The act of smashing your burger is a technique used around the world in the best burger joints. The Blackstone heavy duty wide hamburger spatula is ideal for flipping over those monster burgers and steaks.",69.99,VN,717604054628,Ace Hardware > Outdoor Living > Grills and Smokers > Grill Cooking Accessories,https://www.acehardware.com/departments/8060761,InStock,2026-01-28 14:36:35.727000
acehardware,blackstone,4125,8063785,Blackstone Griddle Seasoning and Conditioner 6.5 oz 1 pk,The Blackstone Griddle Seasoning and Cast-Iron Conditioner is exactly what you need to make sure your griddle and cast iron are well seasoned and protected. This two-in-one product offers results you can trust to get your griddle ready for use or help maintain your current seasoning to prevent sticking and rust. This conditioner was specifically engineered for all of Blackstone griddle needs.,11.99,US,717604041253,Ace Hardware > Outdoor Living > Grills and Smokers > Grill Cooking Accessories,https://www.acehardware.com/departments/8063785,InStock,2026-01-28 14:36:38.037000
acehardware,blackstone,5464,8065790,Blackstone Stainless Steel Silver Griddle Tool Set 6 pc,"6 piece griddle kit is the perfect add-on to your Blackstone cooking experience. 14 in. Stainless steel tongs are an ideal tool to lift delicate foods, as well as large cuts of meat. Use the 32 oz. Sauce/liquid bottle to hold water or oil so you can add moisture and flavor on demand. Using these same liquids, you can cool down a hot griddle, steam veggies and even remove cooked on food. The spatula scraper is a tool that makes it easy for you to clean or remove grease off your griddle.",74.99,KH,717604053225,Ace Hardware > Outdoor Living > Grills and Smokers > Grilling Utensils/Tools,https://www.acehardware.com/departments/8065790,InStock,2026-01-28 14:36:40.235000
acehardware,weber,7671,8050088,Weber Crafted Stone Grill Baking Stone 16 in. W 1 pk,"Bring your kitchen outside and create food never thought possible in your grill, with the WEBER CRAFTED Outdoor Kitchen Collection. Simply replace your right-side cooking grate with the WEBER CRAFTED Frame Kit and insert the WEBER CRAFTED Glazed Baking Stone designed to create perfectly crispy pizza crust.",99.99,CN,077924174377,Ace Hardware > Outdoor Living > Grills and Smokers > Grill Cooking Accessories,https://www.acehardware.com/departments/8050088,InStock,2026-01-28 14:36:42.452000
acehardware,weber,6772,8067989,Weber Precision Stainless Steel Black/Silver Grill Tool Set 3 pc,"Flip burgers, turn vegetables or glaze your ribs with extra flavor. The 3-sided beveled edge spatula, hands-free locking tongs and full-size silicone basting brush in the Precision 3-Piece Grill Set are your everyday grilling essentials in one kit. All tools feature a soft-touch handle for a comfortable and secure grip.",54.99,CN,077924162336,Ace Hardware > Outdoor Living > Grills and Smokers > Grilling Utensils/Tools,https://www.acehardware.com/departments/8067989,InStock,2026-01-28 14:36:44.883000
acehardware,bayou-classic,200-490,8084268,Bayou Classic Aluminum Turkey Fryer Kit 30 qt 1 pk,"This versatile stockpot can also be used for large-scale entertaining and family meals; whether boiling a seafood feast, simmering chili and soups, or frying a turkey. Heavy riveted handles allow for easy transfer. Dining indoors or eating alfresco, Bayou Classic understands the importance of presentation, and is the preferred choice of adventurous backyard chefs everywhere",209.99,CN,050904204905,Ace Hardware > Outdoor Living > Grills and Smokers > Grill Cooking Accessories,https://www.acehardware.com/departments/8084268,InStock,2026-01-28 14:36:47.811000
acehardware,b&b-charcoal,B00074D-48,8113261,B&B Charcoal All Natural Hickory and Oak Charcoal Briquettes 17.6 lb,B&amp;B Charcoal All Natural Competition Oak Briquets are a favorite among champion pitmasters. Burns slow or hot and the mild flavor is great for any protein. Made from charred hardwood and vegetable starch with no chemicals so it creates a great smoke flavor.,16.99,US,034326001748,Ace Hardware > Outdoor Living > Grills and Smokers > Charcoal,https://www.acehardware.com/departments/8113261,InStock,2026-01-28 14:36:51.118000
acehardware,louana,13152LOU,8108276,LouAna Southern Blend Frying Oil 3 gal Boxed,Peanut is the oil of choice among most experienced turkey fryers. LouAna peanut oil is the leading brand of peanut oil in the nation. It contains zero grams of trans fatty acids per serving and is naturally cholesterol-free.,49.99,US,026700101748,Ace Hardware > Home and Decor > Food and Beverage > Barbecue Sauces and Rubs,https://www.acehardware.com/departments/8108276,InStock,2026-01-28 14:36:53.311000
acehardware,weber,7436,8211740,"Weber Replacement 22"" Charcoal Hinged Grill Grate 22 in. 21.5 in. L X 21.5 in. W","Embrace the weather and get started grilling burgers, hot dogs, steaks, and more. The Weber Replacement Hinged Cooking Grate is a heavy-duty plated steel grate designed for use with 22-inch Weber charcoal grills, allowing you to explore a range of BBQ and outdoor cooking options. Grill grate offers easy access to add fuel during the cooking process; simply lift the hinged sides. This replacement cooking grate includes curved handgrips that can hang from kettle handles. When you aren&#39;t adding charcoal, it sits securely on the upper prongs of your outdoor grill. This durable, replacement grill grate makes grilling, cleaning, and maintenance simple. Weber grilling accessories are constructed to offer the same long-lasting level of performance as our grills, so your grilling is a success every time. This replacement hinged cooking grate is made of plated steel and the 1-year limited warranty means you can cook with confidence.",44.99,CN,077924074011,Ace Hardware > Outdoor Living > Grills and Smokers > Grill Replacement Parts,https://www.acehardware.com/departments/8211740,InStock,2026-01-28 14:36:55.358000
acehardware,weber,6434,8212433,Weber Stainless Steel Grill Basket 13.8 in. L X 11.8 in. W 1 pk,"Vibrant, grilled vegetables scattered atop a crispy pizza. Charred zucchini and squash that compliment your favorite autumn feast. An array of diced veggies delicately seared to bring out flavors you never knew existed. Use the Deluxe Grilling Basket to prepare sliced veggies or even small pieces of meat with absolute ease.",35.99,TW,077924074882,Ace Hardware > Outdoor Living > Grills and Smokers > Grill Cooking Accessories,https://www.acehardware.com/departments/8212433,InStock,2026-01-28 14:36:57.508000
acehardware,weber,6501,8212599,Weber Rubber Gas Line Hose and Adapter 72 in. L X 1.5 in. W For Weber,"Grill often and grill for many. Connect your grill to a full-size propane tank with the Adapter Hose, instead of relying on a disposable propane cylinder. This eliminates the worry of running out of fuel or constantly replacing a smaller tank when grilling for a crowd.",47.99,US,077924075018,Ace Hardware > Outdoor Living > Grills and Smokers > Grill Replacement Parts,https://www.acehardware.com/departments/8212599,InStock,2026-01-28 14:36:59.693000
acehardware,traeger,PEL309,8306375,Traeger Premium All Natural Cherry Hardwood Pellets 20 lb,"With Traeger Cherry pellets, naturally enhance Beef, Chicken and Pork with a subtly sweet, fruity flavor. Our all-natural wood pellets fuel the fire and provide unmatched wood fired flavor. We&#39;ve spent years perfecting a premium, balanced blend of hardwoods for trusted performance and flavor.",19.99,US,634868910135,Ace Hardware > Outdoor Living > Grills and Smokers > Grilling Chips and Chunks,https://www.acehardware.com/departments/8306375,InStock,2026-01-28 14:37:02.526000
acehardware,traeger,PEL314,8306540,Traeger Premium All Natural Pecan Hardwood Pellets 20 lb,"Our expertly crafted, all-natural Pecan pellets burn slow and steady every time. This is the right choice for naturally enhancing your pork, chicken, vegetables, beef and pork with sweet, spicy, assertive flavor. We&#39;ve spent years perfecting a premium, balanced blend of hardwoods for trusted performance and flavor.",19.99,US,634868910142,Ace Hardware > Outdoor Living > Grills and Smokers > Grilling Chips and Chunks,https://www.acehardware.com/departments/8306540,InStock,2026-01-28 14:37:04.780000
acehardware,rockwood,RW20,8400772,Rockwood All Natural Hardwood Lump Charcoal 20 lb,"Rockwood&#39;s pure lump charcoal comes from premium Missouri oak, hickory and pecan, so it&#39;s free from chemicals, fillers, binders and other impurities. Its rich wood aroma complements the natural flavor of meats, fish and poultry. It&#39;s that simple.",39.99,US,850043476009,Ace Hardware > Outdoor Living > Grills and Smokers > Charcoal,https://www.acehardware.com/departments/8400772,InStock,2026-01-28 14:37:07.296000
acehardware,traeger,TFB88PZB,8474884,Traeger Pro Series 34 Wood Pellet Grill Bronze,"The Pro Series 34 new robust body style has a sawhorse chassis for added stability, a side lift bar, and all terrain wheels. New advanced grilling logic keeps the internal temperature within +/-15 deg. F for precision grilling. Average variance over an hour long cook after grill has properly reached initial set temp of 375 fahrenheit.  Ambient air temp 72 deg. F without wind.",729.99,CN,634868920387,Ace Hardware > Outdoor Living > Grills and Smokers > Pellet Grills,https://www.acehardware.com/departments/8474884,InStock,2026-01-28 14:37:10.682000
acehardware,traeger,TFB57PZB,8474793,Traeger Pro Series 22 Wood Pellet Grill Bronze,"The Pro Series 22 new robust body style has a sawhorse chassis for added stability, a side lift bar and all terrain wheels. New advanced grilling logic keeps the internal temperature within +/- 15 deg. fahrenheit for precision grilling. Average variance over an hour long cook after the grill has properly reached the initial set temp of 375 deg. fahrenheit. Ambient air temp 72 deg. fahrenheit without wind.",549.99,CN,634868920363,Ace Hardware > Outdoor Living > Grills and Smokers > Pellet Grills,https://www.acehardware.com/departments/8474793,InStock,2026-01-28 14:37:17.426000
acehardware,traeger,BAC407,8680159,Traeger Aluminum Bucket Liner 5.7 in. W x 5.7 in. L 5 pk,"Get a grip on your drip bucket maintenance with Traeger aluminum liners. Just drop one in before grilling and replace once it&#39;s full. These aluminum disposable bucket liner lets you ditch the mess and clean up quick. Simplify your clean up routine, just throw one in before getting your grill on and replace as needed.",17.99,CN,634868923067,Ace Hardware > Outdoor Living > Grills and Smokers > Grill Replacement Parts,https://www.acehardware.com/departments/8680159,InStock,2026-01-28 14:37:24.594000
acehardware,traeger,TFT18KLD,8015015,Traeger Ranger Wood Pellet Portable Grill Black,"The Ranger is a compact, perfectly portable way to take your wood fired flavor wherever adventure takes you. The Ranger allows you to set a precise temperature in 5 degree increments, and the Keep Warm Mode holds your food at FDA approved 165 degrees Fahrenheit until it&#39;s time to eat. Next time adventure calls, answer it with the Traeger Ranger with Advanced Grilling convenience.",479.99,CN,634868926181,Ace Hardware > Outdoor Living > Grills and Smokers > Pellet Grills,https://www.acehardware.com/departments/8015015,InStock,2026-01-28 14:37:29.145000
acehardware,kingsford,10044600321032,8021785,Kingsford All Natural Original Charcoal Briquettes 16 lb,"Kingsford Original charcoal is the taste of summer, and it&#39;s been the gold standard of grilling for nearly 100 years. Each briquet is made with natural ingredients and real wood to ensure the smoky flavor barbecue lovers crave.",14.99,US,044600320649,Ace Hardware > Outdoor Living > Grills and Smokers > Charcoal,https://www.acehardware.com/departments/8021785,InStock,2026-01-28 14:37:34.214000
acehardware,traeger,BAC507,8022005,Traeger Aluminum Drip Tray Liner 22 in. L X 15.5 in. W For Traeger,"Keep the gunk out of your trunk with our Drip Tray Liners. Made of heat-proof aluminum, they just made grill maintenance a whole lot easier. Liners should rest fully on the grease pan and not cover any areas outside of the grease pan, as to not affect the temperature and performance of the grill.",22.99,CN,634868929144,Ace Hardware > Outdoor Living > Grills and Smokers > Grill Cooking Accessories,https://www.acehardware.com/departments/8022005,InStock,2026-01-28 14:37:38.510000
acehardware,blackstone,5249,8030424,Blackstone 3/8 in. D X 10 ft. L Brass Quick Connect Natural Gas Conversion Kit,Convert your Blackstone outdoor griddle or stove from propane to natural gas. Gives you an uninterrupted fuel supply to your griddle or stove. Never worry about empty propane tanks again.,54.99,CN,717604052495,Ace Hardware > Outdoor Living > Grills and Smokers > Propane Cylinders and Accessories,https://www.acehardware.com/departments/8030424,InStock,2026-01-28 14:37:42.224000
acehardware,ooni,UU-P29400,8039744,Ooni Karu 12 Charcoal/Wood Chunk Outdoor Pizza Oven Silver,"Create authentic, stone baked pizza from anywhere with the Ooni Karu 12. It combines optimum, multi fuel performance with ultimate portability. It can reach up to 950F in just 20 minutes so you can make flame cooked, restaurant quality pizzas in as little as 60 seconds using wood, charcoal, or gas with the optional propabe burner accessory. At just 26.4 pounds, the Karu 12 is highly portable. It&#39;s just as at home on your balcony or backyard as it is on a camping trip. Whether you&#39;re at home or on the go, the Karu 12 is the portable and powerful addition to your pizza making set up.",349.00,CN,5060967392193,Ace Hardware > Outdoor Living > Grills and Smokers > Charcoal Grills,https://www.acehardware.com/departments/8039744,InStock,2026-01-28 14:37:44.996000
acehardware,ooni,UU-P0AB00,8046473,Ooni Koda 16 Propane Gas Outdoor Pizza Oven Black,"The Ooni Koda 16 gas powered pizza oven combines modern, show stopping design with the convenience of cooking with gas. The innovative L-shaped flame allows for one turn cooking and provides supreme flexibility and control. The Koda 16 can reach 950F in just 20 minutes, so you can cook pizza in just 60 seconds. Plus, the heat control dial gives you more fine control over the temperature. Its sleek, modern design also makes it an attractive addition to any outdoor kitchen.",649.00,CN,5060568342924,Ace Hardware > Outdoor Living > Grills and Smokers > Gas Grills,https://www.acehardware.com/departments/8046473,InStock,2026-01-28 14:37:47.426000
acehardware,weber,14418001,8060195,Weber 22 in. Ace Exclusive Original Kettle Premium Charcoal Grill Indigo,"Spark your passion for charcoal grilling with the Kettle that started it all. This Ace Exclusive Indigo Blue Original Kettle Premium charcoal grill boasts upgraded features, such as a hinged cooking grate allowing you to easily add charcoal while grilling, and the One-Touch cleaning system with high-capacity ash catcher, making for a smooth grilling experience from beginning to end. The angled lid hook provides a storage solution that means there&#39;s no more setting the grill lid on the ground while you cook. Now when you need to tend to food on the grill, you can hang the lid on the side.  *  * At 22 inches, this Weber charcoal grill provides you with enough space to grill 13 burgers at once, more than enough to keep family and friends happily fed at your next party or barbecue. Sturdy features such as the durable-plated steel cooking grate, rust-resistant aluminum damper, and all-weather wheels mean you&#39;ll be able to keep cooking delicious meals on this outdoor grill for years to come.",249.00,US,077924162282,Ace Hardware > Outdoor Living > Grills and Smokers > Charcoal Grills,https://www.acehardware.com/departments/8060195,InStock,2026-01-28 14:37:50.387000
acehardware,blackstone,2142,8065840,Blackstone Original 1 Burner Liquid Propane Tabletop Outdoor Griddle Black,"The Blackstone Original Tabletop Outdoor Griddle is perfect for cooking up your favorite foods. An H shape stainless-steel burner provides even heat distribution and a rear grease management system makes cleanup a breeze. The built-in igniter ensures complete heat control, while the adjustable-height rubber feet keep the griddle stable on uneven surfaces. Order yours today from Ace Hardware to complete your backyard bbq experience.",129.99,CN,717604021422,Ace Hardware > Outdoor Living > Grills and Smokers > Gas Grills,https://www.acehardware.com/departments/8065840,InStock,2026-01-28 14:37:52.827000
acehardware,meat-church,988031,8067128,Meat Church Texas Chili Seasoning 8 oz,"The famous Meat Church Texas Chili seasoning! You will get 5 batches out of this bag using the recipe above. This hearty, meaty chili will fill up the hungriest of appetites.",10.99,US,703355943892,Ace Hardware > Home and Decor > Food and Beverage > Barbecue Sauces and Rubs,https://www.acehardware.com/departments/8067128,InStock,2026-01-28 14:37:55.375000
acehardware,ooni,UU-P2F100,8068318,Ooni Modular Grill Table Stainless Steel 35 in. H X 31 in. W X 31 in. L,"Ooni Modular Tables are the perfect surface for your Ooni pizza oven and accessories. All Ooni pizza oven models fit perfectly on the stainless steel work surface and your propane tank will fit neatly on the lower shelf. Our tables are made of robust powder-coated carbon steel. They also feature two height-adjustable shelves and built-in hooks for your Ooni peels and accessories. Plus, the two lockable castors will keep your table steady while you cook.",325.00,CN,5060967393985,Ace Hardware > Outdoor Living > Grills and Smokers > Grill Stands/Tables and Shelves,https://www.acehardware.com/departments/8068318,InStock,2026-01-28 14:37:57.608000
acehardware,traeger,PEL351,8068343,Traeger Turkey Blend Hardwood Pellets with Brine Kit All Natural Maple/Hickory 18 lb,"The ultimate Thanksgiving turkey starts with Traeger Limited Edition Turkey Blend Hardwood Pellets. Plus, this bag includes Traeger&#39;s Orange Brine and Turkey Rub Kit to help you cook the juiciest, tastiest turkey you have ever had. Traegers limited edition pellets feature artisanal blends of American hardwoods that were carefully selected to elevate the flavor of your food and help you create unforgettable meals.",29.99,US,634868938092,Ace Hardware > Outdoor Living > Grills and Smokers > Grilling Chips and Chunks,https://www.acehardware.com/departments/8068343,InStock,2026-01-28 14:38:00.149000
acehardware,weber,7670,8041568,Weber Crafted Searing Grate 16.3 in. L X 16 in. W,"Bring your kitchen outside, and create food never thought possible in your grill, with the Weber Crafted Outdoor Kitchen Collection. Simply replace your right-side cooking grate with the Weber Crafted Frame Kit and insert the Weber Crafted Dual Sided Searing Grate to create restaurant quality sear marks or use the reverse side to handle delicate foods such as fish. Explore the entire Weber Crafted Outdoor Kitchen Collection - roast, bake, flat top cook, steam, sear, crisp with grillware custom made to fit Weber grills.",99.99,CN,077924174391,Ace Hardware > Outdoor Living > Grills and Smokers > Grill Grates/Grids,https://www.acehardware.com/departments/8041568,InStock,2026-01-28 14:38:02.445000
acehardware,weber,7673,8047912,Weber Crafted Stainless Steel Roasting Basket 19 in. W 1 pk,"Bring your kitchen outside and create food never thought possible in your grill, with the WEBER CRAFTED Outdoor Kitchen Collection. Simply replace your right-side cooking grate with the WEBER CRAFTED Frame Kit and insert the WEBER CRAFTED Roasting Basket to roast, small delicate food without it falling through the grate.",99.99,TW,077924174339,Ace Hardware > Outdoor Living > Grills and Smokers > Grill Cooking Accessories,https://www.acehardware.com/departments/8047912,InStock,2026-01-28 14:38:04.720000
acehardware,weber,7758,8049066,Weber Genesis and Genesis II 400 Series Black Grill Cover For Genesis 400 and Genesis II 400 Series,"There&#39;s a secret to keeping your Genesis 400 Series grill looking great and working well for many seasons of grilling and barbecuing. With this black, durable Weber Premium Grill Cover there&#39;s no longer any reason to fear the elements. It&#39;s constructed of weather-resistant materials and designed to protect your grill through light spring showers and heavy rainstorms. This grill cover also comes with fastening straps to keep it anchored and secure, even in the harshest conditions. With the lightweight fabric and custom fit, you won&#39;t find yourself struggling at the end of the day, because putting the cover in place is a breeze. We recommend using a Weber water-resistant grill cover regularly to extend the functionality and appearance of your outdoor grill, so you can continue grilling delicious meals your family and friends will love for years to come. Please note: This grill cover is compatible with the Weber Genesis and Genesis II 400 Series Grills.",106.49,KH,077924177712,Ace Hardware > Outdoor Living > Grills and Smokers > Grill Covers,https://www.acehardware.com/departments/8049066,InStock,2026-01-28 14:38:07.802000
acehardware,traeger,TFB93RLG,8082912,Traeger Ironwood XL Wood Pellet WiFi Grill Black,"The all-new Ironwood XL is here to deliver Wood-Fired Flavor, Elevated. It is completely redesigned to help you explore new flavor profiles and turn up the heat for a scorching good time. Elevate your craft with the mighty Ironwood. Experience the evolution of wood-fired flavor with the all-new Traeger Ironwood. You will discover next-level consistency in your cooks, unrivaled wood-fired flavor, and game-changing customization options that let you create the perfect grill for your cooking style.","2,199.99",CN,634868935152,Ace Hardware > Outdoor Living > Grills and Smokers > Pellet Grills,https://www.acehardware.com/departments/8082912,InStock,2026-01-28 14:38:12.926000
acehardware,traeger,TF3CN59AU,8083728,Traeger Flatrock 3 Burner Liquid Propane Outdoor Griddle Black,"Take your grilling game to the next level with the Traeger 3 Burner Liquid Propane Outdoor Griddle. This flat top grill is perfect for griddling, frying, steaming, sauteing, and more. Plus, the TruZone temperature control features three distinct, insulated cooking zones. And the FlameLock construction improves fuel efficiency giving you more bang for your buck. So why wait Order your Traeger 3 Burner Liquid Propane Outdoor Griddle today from Ace Hardware.",999.99,VN,634868940958,Ace Hardware > Outdoor Living > Grills and Smokers > Gas Grills,https://www.acehardware.com/departments/8083728,InStock,2026-01-28 14:38:15.302000
acehardware,traeger,TFB61RLG,8084260,Traeger Ironwood Wood Pellet WiFi Grill Black,"The all-new Ironwood is here to deliver Wood-Fired Flavor, Elevated. It is completely redesigned to help you explore new flavor profiles and turn up the heat for a scorching good time. Elevate your craft with the mighty Ironwood. Experience the evolution of wood-fired flavor with the all-new Traeger Ironwood. You will discover next-level consistency in your cooks, unrivaled wood-fired flavor, and game-changing customization options that let you create the perfect grill for your cooking style.","1,999.99",CN,634868935145,Ace Hardware > Outdoor Living > Grills and Smokers > Pellet Grills,https://www.acehardware.com/departments/8084260,InStock,2026-01-28 14:38:18.881000
acehardware,weber,6789,8084663,Weber Genesis 400 Series Rust Resistant Griddle Insert 32.7 in. L X 18.7 in. W 1 pk,"Griddle whenever you want on the grill you already own with the Genesis Full-Size Griddle Insert. Engineered to seamlessly fit your Genesis and Genesis II 400 Series gas grill, 2016 and newer, it allows you to transform the entire grilling surface and access an outdoor griddle in seconds. Constructed of durable carbon steel, this griddle leverages your grill&#39;s superior burners to provide even, edge-to-edge heat for sauteing, browning, or searing. From pancakes and eggs to fajitas and veggies, uncover a whole new world of outdoor cooking. And the grease management system in this griddle accessory is designed to be compatible with your grill, preventing spilling and effectively capturing grease to reduce messes. Want to keep it safe when you&#39;re not cooking? Store your griddle insert in a Weber storage bag (sold separately). Savor the best of both worlds without having to add or store another grill. Get your griddle on.",319.99,CN,077924193767,Ace Hardware > Outdoor Living > Grills and Smokers > Grill Cooking Accessories,https://www.acehardware.com/departments/8084663,InStock,2026-01-28 14:38:21.532000
acehardware,traeger,PEL359,8084679,Traeger BBQ Select All Natural Oak/Hickory/Maple Hardwood Pellets 30 lb,"Cook longer and more often with Traeger&#39;s BBQ Select hardwood pellet. These pellets feature 50%  more pellets than Traeger&#39;s standard 20 lb. bags to give you more cooks per bag. The blend features the all natural flavors of oak, hickory and maple to offer a versatile smoke taste that enhances the flavor of all your wood fired foods.",24.99,US,634868945212,Ace Hardware > Outdoor Living > Grills and Smokers > Grilling Chips and Chunks,https://www.acehardware.com/departments/8084679,InStock,2026-01-28 14:38:24.087000
acehardware,weber,6278,8066754,Weber Grill Brush 18 in. H X 1 in. L X 7 in. W 1 pk,"Cleaning your outdoor grill before a long cooking session doesn&#39;t have to be a headache. The Weber Three-Sided Grill Brush is designed to effectively remove grease and debris from cooking grates of all sizes. The comfort-hold handle design provides a secure grip and extra leverage when you&#39;re brushing off stuck-on food or cleaning tight spaces. BBQ grill brush also has dense, stainless steel bristles that maintain their integrity throughout frequent uses and stand up to tricky, hardened grease. At 18 inches long, this brush ensures that every inch of your grill is within reach. Now you can scrub larger areas and get into tight corners. This three-sided grill cleaning brush does it all, so you can focus on grilling delicious dishes instead of a lengthy prep process. We recommend using this Weber grill brush to clean your grates before each use so that your grill lasts longer and your next meal is as delicious as the one before.",19.99,CN,077924159534,Ace Hardware > Outdoor Living > Grills and Smokers > Grill Brushes and Cleaners,https://www.acehardware.com/departments/8066754,InStock,2026-01-28 14:38:26.365000
acehardware,smokey-woods,SW-30-45-1728,8087485,Smokey Woods All Natural Post Oak Cooking Logs 1 cu ft,"Cooking with firewood on an offset smoker and the like can be a bit more challenging than using charcoal or gas, but with enough practice, it will yield the best overall results. There is just something special about the community and social aspect of outdoor cooking. Our wood imparts a distinct and natural flavor to the food that is being cooked. Our sticks are perfect for vertical or offset smokers and pit barrels. Or just use for clean, aromatic bonfire.",26.99,US,794811269557,Ace Hardware > Outdoor Living > Grills and Smokers > Grilling Chips and Chunks,https://www.acehardware.com/departments/8087485,InStock,2026-01-28 14:38:28.821000
acehardware,ooni,UU-P30300,8088236,Ooni Karu 2 Charcoal/Wood Chunk Outdoor Pizza Oven Foundry Black,"Ooni Karu 2, the world&#39;s most advanced portable pizza oven. With over a decade of engineering experience and feedback from thousands of customers to draw from, every detail has been optimized in the development of the Karu 2.  *  * With its borosilicate glass door with ClearView technology, integrated thermometer, powder-coated oven body, and advanced airflow management system, this oven was designed to deliver a superior pizza-making experience.  *  * The Ooni Karu 2 reaches cooking temperatures in as little as 15 mintues, has a top temperature of 950F, and cooks 12in pizzas in just 60 seconds. Fill the Karu 2&#39;s extra large fuel tray with wood or charcoal for a traditional wood-fired experience, or us the gas burner (sold separately) for easy propane-fueled baking that uses 36% less gas than previous models.  *  * This oven is perfect for beginners and experienced pizza-makers alike. And it&#39;s ultraportable, so you can enjoy the freedom to cook amazing pizza year-round in your garden or on your next outdoor adventure.",449.00,CN,5060967394821,Ace Hardware > Outdoor Living > Grills and Smokers > Pizza Ovens,https://www.acehardware.com/departments/8088236,InStock,2026-01-28 14:38:31.160000
acehardware,ooni,UU-P25B00,8090020,Ooni LCD Infrared Thermometer,"Remove the guesswork from your pizza making with the Ooni digital infrared thermometer. This laser guided, high precision tool is calibrated to read the extreme temperatures on Ooni baking stones so you get the perfect bake every time. Designed for use during heat up and recharge periods, the Ooni digital infrared thermometer ensures you always have a clear understanding of when your pizza stone is ready to cook. Numerical and color coded temperature displays allow you to select your preferred interface and switch effortlessly between laser guided spot measurements and wider area scans. The high resolution LCD full color digital display delivers temperature information in less than 300 milliseconds, while temperature scan mode allows you to easily determine minimum, maximum, and average surface temperatures for ultimate accuracy to within 4 degree fahrenheit. The thermometer comes calibrated specifically for the cordierite baking stones used inside Ooni ovens, but an adjustable emissivity setting lets you easily read steel and other materials and finishes and cast iron.",69.99,CN,5060967391301,Ace Hardware > Outdoor Living > Grills and Smokers > Grill Thermometers,https://www.acehardware.com/departments/8090020,InStock,2026-01-28 14:38:33.826000
acehardware,weber,1500533,8091351,Weber Genesis E-325 3 Burner Liquid Propane Grill Black,"The 3-burner, black Genesis E-325 propane gas grill delivers legendary Weber quality, performance, and durability. It&#39;s a grill you can rely on for summer barbecues and outdoor cooking for family and friends. The PureBlu burner system sets this grill apart from the pack featuring unique, tapered burner tubes that generate consistent pressure and flames, and deliver even heat across the grilling surface. Flames are directed above the raised gas ports, while food debris falls below minimizing clogging and ensuring the grill lights every time. The generous cooking surface allows you to prepare multiple burgers and steaks simultaneously. *  * You can also extend your outdoor cooking capabilities and explore a variety of techniques with the help of the compatible WEBER CRAFTED Outdoor Kitchen Collection. The Genesis gas grill is built to last and backed with a warranty, so you can enjoy season after season of peak grilling performance. Liquid Propane tank sold separately.",949.00,CN,077924999673,Ace Hardware > Outdoor Living > Grills and Smokers > Gas Grills,https://www.acehardware.com/departments/8091351,InStock,2026-01-28 14:38:38.126000
acehardware,weber,1500568,8091353,Weber Genesis S-315 3 Burner Liquid Propane Grill Stainless Steel,"The 3-burner, porcelain-enamel Genesis S-315 propane gas grill delivers legendary Weber quality, performance, and durability. It&#39;s a grill you can rely on for summer barbecues and outdoor cooking for family and friends. The PureBlu burner system sets this grill apart from the pack, featuring unique, tapered burner tubes that generate consistent pressure and flames, and deliver even heat across the grilling surface. Flames are directed above the raised gas ports, while food debris falls below minimizing clogging and ensuring the grill lights every time. The generous cooking surface allows you to prepare multiple burgers and steaks simultaneously. You can also extend your outdoor cooking capabilities and explore a variety of techniques with the help of the compatible WEBER CRAFTED Outdoor Kitchen Collection. The Genesis gas grill is built to last and backed with a warranty, so you can enjoy season after season of peak grilling performance. Liquid Propane tank sold separately.",999.00,CN,077924999758,Ace Hardware > Outdoor Living > Grills and Smokers > Gas Grills,https://www.acehardware.com/departments/8091353,InStock,2026-01-28 14:38:42.771000
acehardware,weber,1500576,8091364,Weber Genesis E-330 3 Burner Liquid Propane Grill Black,"The 3-burner, black Genesis E-330 propane gas grill with built-in grill locker delivers legendary Weber quality, performance, and durability. It&#39;s a grill you can rely on for summer barbecues and outdoor cooking. The PureBlu burner system sets this grill apart from the pack featuring unique, tapered burner tubes that generate consistent pressure and flames and deliver even heat across the grilling surface. Flames are directed above the raised gas ports, while food debris falls below minimizing clogging and ensuring the grill lights every time. The grill&#39;s extra-large sear zone allows you to prepare multiple burgers and steaks simultaneously. *  * You can also extend your outdoor cooking capabilities and explore a variety of techniques with the help of the compatible WEBER CRAFTED Outdoor Kitchen Collection. These cooking grates accommodate frame kit and custom-fit grillware (sold separately). This gas grill is built to last and backed with a warranty. Liquid Propane tank sold separately.","1,099.00",CN,077924999697,Ace Hardware > Outdoor Living > Grills and Smokers > Gas Grills,https://www.acehardware.com/departments/8091364,InStock,2026-01-28 14:38:49.154000
acehardware,weber,1500577,8091366,Weber Genesis E-330 3 Burner Natural Gas Grill Black,"The 3-burner, black Genesis E-330 natural gas grill with built-in grill locker delivers legendary Weber quality, performance, and durability. It&#39;s a grill you can rely on for summer barbecues and outdoor cooking. The PureBlu burner system features tapered burner tubes that generate consistent pressure and flames and deliver even heat across the grilling surface. Flames are directed above the raised gas ports, while food debris falls below minimizing clogging and ensuring the grill lights every time. Grill also has an extra-large sear zone. *  * You can also extend your  capabilities with the help of the compatible WEBER CRAFTED Outdoor Kitchen Collection.  These cooking grates accommodate frame kit and custom-fit grillware (sold separately). Gas grill is backed with a warranty. This model&#39;s fuel type is Natural Gas and only works with natural gas plumbed to the house. Does not work with bottled gas or bulk liquid propane of any type.","1,149.00",CN,077924999703,Ace Hardware > Outdoor Living > Grills and Smokers > Gas Grills,https://www.acehardware.com/departments/8091366,InStock,2026-01-28 14:38:53.592000
acehardware,weber,1500593,8091370,Weber Genesis SP-S-325 3 Burner Natural Gas Grill Stainless Steel,"The 3-burner, stainless steel Genesis SP-S-325 natural gas grill delivers legendary Weber quality, performance, and durability. You can rely on it for summer barbecues and outdoor cooking. The PureBlu burner system features tapered burner tubes that generate consistent pressure and flames, and deliver even heat across the grilling surface. Flames are directed above the raised gas ports, while food debris falls below minimizing clogging and ensuring the grill lights every time. Grill also has an extra-large sear zone. *  * Extend your capabilities with the help of the compatible WEBER CRAFTED Outdoor Kitchen Collection. Ignite your grilling experience with our Flush Electronic Push Button Ignition System, an advanced ignition system ensuring a seamless start to your barbecue (1 AA battery included). Gas grill is backed with a warranty.  This model&#39;s fuel type is Natural Gas and only works with natural gas plumbed to the house. Does not work with bottled gas or bulk liquid propane of any type.","1,199.00",CN,077924999147,Ace Hardware > Outdoor Living > Grills and Smokers > Gas Grills,https://www.acehardware.com/departments/8091370,InStock,2026-01-28 14:38:57.901000
acehardware,weber,1500535,8091374,Weber Genesis E-335 3 Burner Liquid Propane Grill Black,"The 3-burner, black Genesis E-335 propane gas grill with side burner and built-in grill locker delivers legendary Weber quality, performance, and durability. It&#39;s a grill you can rely on for summer barbecues and outdoor cooking. The PureBlu burner system sets this grill apart featuring unique, tapered burner tubes that generate consistent pressure and flames and deliver even heat across the grilling surface. Flames are directed above the raised gas ports, while food debris falls below minimizing clogging and ensuring the grill lights every time. The grill&#39;s extra-large sear zone allows you to prepare multiple burgers and steaks simultaneously. *  * You can also extend your outdoor cooking capabilities and explore a variety of techniques with the help of the compatible WEBER CRAFTED Outdoor Kitchen Collection. This Genesis gas grill is built to last and backed with a warranty. Liquid Propane tank sold separately.","1,199.00",CN,077924999710,Ace Hardware > Outdoor Living > Grills and Smokers > Gas Grills,https://www.acehardware.com/departments/8091374,InStock,2026-01-28 14:39:02.101000
acehardware,weber,1500581,8091387,Weber Genesis SP-E-335 3 Burner Liquid Propane Grill Black,"The 3-burner, black porcelain-enamel Genesis SP-E-335 with NIGHTVISION LED lighting delivers legendary Weber quality, performance, and durability.  It&#39;s a propane gas grill you can rely on for summer barbecues and outdoor cooking. The PureBlu burner system sets this grill apart, featuring tapered burner tubes that generate consistent pressure and flames, delivering even heat across the grilling surface. Flames are directed above the raised gas ports, while food debris falls below minimizing clogging and ensuring the grill lights every time. *  * A grease management system features a grease tray beneath the gas grill&#39;s cookbox. The tray slides out for simple disposal, keeping outdoor grilling fun and mess-free. You can also ignite your grilling experience with our Flush Electronic Push Button Ignition System, an advanced ignition system ensuring a seamless start to your barbecue (1 AA battery included). This Genesis gas grill is backed with a warranty. Liquid Propane tank sold separately.","1,329.00",CN,077924999116,Ace Hardware > Outdoor Living > Grills and Smokers > Gas Grills,https://www.acehardware.com/departments/8091387,InStock,2026-01-28 14:39:06.383000
acehardware,weber,1500014,8093220,"Weber Slate 30"" Rust-Resistant 3 Burner Liquid Propane Outdoor Griddle Black 30IN","Step up to a premium flat-top grilling experience with the 30&quot; Slate Rust-Resistant Propane Gas Griddle.  Now you can sizzle fajitas, smash burgers, and stir-fry out of the box on the pre-seasoned, carbon-steel cooktop. This outdoor griddle quickly reaches over 500 degrees and provides even heat across the surface, allowing you to heat food consistently no matter where you place it. Wind guards prevent the burners from blowing out and the cooktop is set low to keep temperature steady when you&#39;re cooking outdoors. Three independently controlled burners allow for multi-zone heat, so you have the flexibility to cook at different temperatures at the same time. You&#39;re also free to use metal utensils, because no use of coatings means they won&#39;t harm your griddle. The Weber Works Prep, Cook, and Store System lets you keep supplies handy, carry food and condiments, convert the side table into a prep station, and stow gear in sealed containers (accessories sold separately).",699.00,CN,077924989261,Ace Hardware > Outdoor Living > Grills and Smokers > Gas Grills,https://www.acehardware.com/departments/8093220,InStock,2026-01-28 14:39:09.602000
acehardware,weber,1500052,8092785,Weber Summit FS38X S 5 Burner Liquid Propane WiFi Grill Stainless Steel,"Weber Summit Gas Grill from steaks on the grate under our top-down infrared broiler to adding a touch of smoke to the dish, the Summit series boasts an abundance of features for whatever you have a taste for. Industry leading smart control. First of its kind, large, full color, HD touch screen. XXL cooking area.","5,299.00",US,077924990007,Ace Hardware > Outdoor Living > Grills and Smokers > Gas Grills,https://www.acehardware.com/departments/8092785,InStock,2026-01-28 14:39:12.499000
acehardware,weber,1500121,8093168,"Weber Searwood XL 600 36"" Wood Pellet WiFi Grill Black","Smoke, sear, roast, and more on the Searwood XL 600 grill featuring a full temp range from 180 degrees to 600 degrees and DirectFlame cooking for sear marks and golden browning. The grill heats up in 15 minutes or less*. Digital controls and Wi-Fi and Bluetooth connectivity let you monitor and control remotely from the WEBER CONNECT app. Add steel tables (sold separately) for extra space. A large cooking capacity lets you cook on two levels simultaneously; remove the 9.5&quot;&quot; top rack to create a 11.5&quot;&quot; tall space for larger foods. The side hopper fits a 20-pound bag and the fuel gauge shows current pellet level and sends you notifications when it is low. Experience continuous pellet flow for up to 20 hours of remote cooking. Grill also has a Pull-and-Clean Grease Management System, porcelain-enameled lid, and built-in handle. The easy-access maintenance panel is straightforward to troubleshoot, if necessary.   * *Based on lab conditions of 77 degrees ambient temperature with premium hardwood pellet fuel","1,299.00",CN,077924991547,Ace Hardware > Outdoor Living > Grills and Smokers > Pellet Grills,https://www.acehardware.com/departments/8093168,InStock,2026-01-28 14:39:15.932000
acehardware,weber,1500120,8093167,"Weber Searwood 600 24"" Wood Pellet WiFi Grill Black","Smoke, sear, roast, and more on the Searwood 600 grill featuring a full temp range from 180 degrees to 600 degrees and DirectFlame cooking for sear marks and golden browning. The grill heats up in 15 minutes or less*. Digital controls and Wi-Fi and Bluetooth connectivity let you monitor and control remotely from the WEBER CONNECT app. Steel front and side tables (sold separately) offer extra space, while a large cooking capacity lets you cook on two levels simultaneously. The 9.5&quot; top rack can be removed to create a 11.5&quot; tall space for larger foods. Loading pellets is simple and the side hopper fits a standard 20 pound bag. Experience continuous pellet flow for up to 20 hours of remote cooking. Grill also has a Pull-and-Clean Grease Management System, porcelain- enameled lid, built-in handle, and durable wheels. The easy-access maintenance panel is straightforward to troubleshoot, if necessary.   * *Based on lab conditions of 77 degrees ambient temperature with premium hardwood pellet fuel",999.00,CN,077924991530,Ace Hardware > Outdoor Living > Grills and Smokers > Pellet Grills,https://www.acehardware.com/departments/8093167,InStock,2026-01-28 14:39:20.821000
acehardware,weber,3400146,8093170,Weber Searwood XL 600 Pellet Black Grill Cover,Keep your Searwood XL 600 looking great. This durable Premium Grill Cover means you don&#39;t have to fear the elements. It&#39;s weather-resistant and comes with fastening straps to help keep it secure even in the harshest conditions.,94.99,KH,077924992933,Ace Hardware > Outdoor Living > Grills and Smokers > Grill Covers,https://www.acehardware.com/departments/8093170,InStock,2026-01-28 14:39:23.487000
acehardware,gozney,GAPBNUS1624,8093918,"Gozney Arc XL, Liquid Propane Outdoor Pizza Oven Bone","Arc XL is the world’s most thoughtfully designed compact outdoor pizza oven. Expertly engineered and designed down to the last detail, a favorite for Gozney’s Pizza Collective professional team and effortless for beginners, reaching temperatures in excess of 950 degrees Fahrenheit so you can cook pizza in 60 seconds. Arc XL introduces a new state-of the-art rolling gas flame that reaches across the oven whilst holding its heat, so you can experience restaurant quality pizza with unparalleled consistency. Create any style of pie with intuitive flame control, uniform cooking heat, and more room to maneuver pizza all for a consistent bake. Arc is ready to cook right out of the box, ready for all kinds of pizza adventures. Arc XL brings the powerful performance of our industry leading commercial pizza ovens to your outdoors, easily and quickly hit temperatures in 20 minutes. With Arc you can experience restaurant quality pizza and the joy of high-temperature cooking all through a beautiful backyard accent that brings people together.",999.99,CN,5056591603774,Ace Hardware > Outdoor Living > Grills and Smokers > Pizza Ovens,https://www.acehardware.com/departments/8093918,InStock,2026-01-28 14:39:25.973000
acehardware,gozney,GAPBNUS1424,8093919,"Gozney Arc, Liquid Propane Outdoor Pizza Oven Bone","Arc is the world’s most thoughtfully designed compact outdoor pizza oven. Expertly engineered and designed down to the last detail, a favorite for Gozney’s Pizza Collective professional team and effortless for beginners, reaching temperatures in excess of 950 deg F so you can cook pizza in 60 seconds. Arc introduces a new state-of the art rolling gas flame that reaches across the oven whilst holding its heat, so you can experience restaurant quality pizza with unparalleled consistency. Create any style of pie with intuitive flame control, uniform cooking heat, and more room to maneuver pizza all for a consistent bake. Arc is ready to cook right out of the box, ready for all kinds of pizza adventures. Arc brings the powerful performance of our industry leading commercial pizza ovens to your outdoors, easily and quickly hit temperatures in 20 minutes. With Arc you can experience restaurant quality pizza and the joy of high-temperature cooking all through a beautiful backyard accent that brings people together.",699.99,CN,5056591603729,Ace Hardware > Outdoor Living > Grills and Smokers > Pizza Ovens,https://www.acehardware.com/departments/8093919,InStock,2026-01-28 14:39:28.641000
acehardware,weber,1500216,8093222,"Weber Slate 36"" Rust-Resistant 4 Burner Liquid Propane Digital Thermometer Outdoor Griddle Black 36 IN","Have more fun griddling on the game-changing, black 36&quot;&quot; Rust-Resistant Weber Slate outdoor griddle, featuring a large, pre-seasoned carbon-steel cooktop that&#39;s ready to cook on right out of the box and stays ready, not rusty use after use. The four 48,000 BTU burners heat up rapidly and maintain consistent temperatures across the cooking surface for reliable, delicious results.  *  * The gas griddle&#39;s digital display lets you easily keep an eye on the surface temperature. Now you can create crispy smashed burgers and bacon, beautifully browned pancakes and paninis, flavorful fajitas and stir fries, and more. Plus, with the Weber Works interchangeable cook, prep, and store system, you can keep outdoor cooking and cleaning supplies close at hand, carry food and condiments from the kitchen to the propane griddle, convert the side table into a prep station, and stow gear in tightly sealed containers (accessories sold separately).","1,049.00",CN,077924992827,Ace Hardware > Outdoor Living > Grills and Smokers > Gas Grills,https://www.acehardware.com/departments/8093222,InStock,2026-01-28 14:39:30.955000
acehardware,recteq,RT-B380X,8096812,Recteq B380X Bullseye Deluxe 380 Wood Pellet WiFi Grill and Smoker Black/Silver,"There is nothing hotter than our newest grilling innovation- the RT-B380X Bullseye Deluxe takes our weekday workhorse into a weekday warrior. Finally, all of the latest smart grill features you have been waiting for: dual band WiFi connectivity, PID control, and, of course, extreme temperature capabilities. This new design features an integrated front-folding shelf, one probe port, and an 18 lb hopper. Convenience features like the bottom shelf, integrated ash dump, and larger hopper make this grill unbelievably simple to maintain. Finally, our completely new afterburner firepot lets you reach temps up to 1000F and gives you searing power like no other.",899.99,CN,810021994338,Ace Hardware > Outdoor Living > Grills and Smokers > Pellet Grills,https://www.acehardware.com/departments/8096812,InStock,2026-01-28 14:39:33.259000
acehardware,gozney,AA1786,8098810,Gozney Arc and Arc XL Pizza Oven Stand Aluminum 48 in. H X 18 in. W X 18 in. L,"The Arc Stand is simple to assemble, built to last and easy to maneuver. Making it easy to add your Arc to any backyard setup. The Arc is a perfect fit for a standard outdoor kitchen countertop. For a more flexible free-standing setup, the Arc Stand is for you. Designed with cooking on the Arc in mind, your oven securely connects to the stand with an easy turn fastener and sits at the perfect height for cooking.",299.99,CN,5056591604238,Ace Hardware > Outdoor Living > Grills and Smokers > Grill Stands/Tables and Shelves,https://www.acehardware.com/departments/8098810,InStock,2026-01-28 14:39:35.348000
acehardware,recteq,RT-600SMKSTN,8098954,Recteq SmokeStone 600 Wood Pellet WiFi Pellet Griddle Black/Silver,"Introducing the world&#39;s first and only wood fired griddle the Recteq smoke stone. The only griddle that adds delicious wood fired smoke flavor to every sizzling bite. Plus, the smoke stone is the only griddle with precise, wi-fi temperature control, so the griddle automatically adjusts the heat to ensure your food cooks evenly and consistently every time. With Recteq&#39;s legendary wood fired flavor, stainless steel construction, #1 rated grilling app, and US based customer service, the smoke stone is simply better.",999.99,CN,810021996455,Ace Hardware > Outdoor Living > Grills and Smokers > Pellet Grills,https://www.acehardware.com/departments/8098954,InStock,2026-01-28 14:39:37.612000
acehardware,masterbuilt,MB20041023,8103440,Masterbuilt 24 in. Gravity Series 600 Digital Charcoal/Wood Grill and Smoker Black,"Bring your charcoal grilling and smoking experience to new heights with Masterbuilt’s Gravity Series 600 Digital Charcoal Grill and Smoker. This revolutionary grill and smoker offers ultimate cooking versatility with the unmatched flavor of charcoal all within the palm of your hands. Simply load up to 12 pounds of lump charcoal or 18lbs of briquette into the GravityFed charcoal hopper, light your fire starter and set your desired cooking temperature on the digital control panel or using the Masterbuilt app. High-heat sear your favorite foods up to 700 deg.F, or use low-and-slow smoking methods to cook for up to 18 hours at 225 deg. F. Additionally, the Gravity Series 600 grill and smoker is accessory-ready  and compatible with the Masterbuilt Pizza Oven or Gravity Series Rotisserie. Master the art of backyard grilling and smoking with Masterbuilt.",799.99,CN,094428277274,Ace Hardware > Outdoor Living > Grills and Smokers > Charcoal Grills,https://www.acehardware.com/departments/8103440,InStock,2026-01-28 14:39:40.496000
